,radio,power
0,0,0.8487121098479595,50
1,1,0.8414641358656596,45
2,2,0.8338926226311892,13
0,0,0.9534266727895278,26
1,1,0.9598869448366384,13
2,2,0.952005972829884,48
0,0,0.9906585079557888,50
1,1,0.9905976710130975,45
2,2,0.9966742797331222,13
