,radio,power
0,0.9009175939099789,26
1,1.8235634745363676,13
2,2.375186189777911,26
3,2.553338236806649,13
4,3.026664451830176,26
5,2.5621128219295786,21
