sheet,distribution
0,0.632120559
1,0.232544158
2,0.085548215
3,0.031471429
4,0.011577692
5,0.004259195
6,0.00156687
7,0.000576419
8,0.000257453
9,7.80099E-05
